price,feature1,feature2
461.52792939358096,0.44380395,0.488558028
548.1300114599096,0.293234001,0.713630184
410.2971616727477,0.48977598,0.325952354
540.3822198140741,0.470585098,0.607564344
546.0245529164561,0.550876669,0.589504885
542.9836715980255,0.428457553,0.640552761
555.4856641557159,0.523207168,0.608271317
417.5697245,0.545704614,0.332031191
373.14653121679595,0.481050028,0.261053702
633.3502924774541,0.46300654,0.810987157
624.2470921,0.819831966,0.616024563
475.3724172064315,0.51588375,0.452909072
600.3684448550833,0.430266943,0.774249968
532.8329517531153,0.603817622,0.519067896
472.8353627974771,0.368251722,0.539568695
506.31229096481167,0.540045372,0.499700299
508.4144059952209,0.23656613,0.656379852
610.4553519022312,0.706188562,0.615615087
323.65776197680174,0.427497977,0.208407068
446.21230388990625,0.682401436,0.313327186
362.1227029921573,0.284263805,0.345838586
433.41064026006154,0.47884549,0.378697565
562.0025764698489,0.82105465,0.490567848
637.3096207432424,0.666813723,0.719906
522.8080075,0.395616974,0.625946165
469.8028243,0.548578791,0.429042173
543.1099277810902,0.499793238,0.602006258
565.4341699,0.372179465,0.709537537
530.0328538065396,0.514844818,0.578508451
610.5801650305415,0.609599962,0.678414335
482.5564118848851,0.421713198,0.540388883
327.5600405221574,0.496774824,0.172903775
579.7308387221567,0.465992106,0.693054614
448.4298146790867,0.42419369,0.477606739
628.9770918674018,0.596766417,0.725632145
536.7973721638596,0.714986226,0.488385914
570.0672954330697,0.556805685,0.620945333
357.82557518578705,0.236143663,0.358885928
612.0849273173208,0.773175662,0.599292287
444.67970845974276,0.282164477,0.513689331
600.1186364029229,0.403606291,0.74752467
523.5331277555823,0.355858206,0.649027793
512.9499449,0.262948878,0.664263418
614.8813168955378,0.727841073,0.627463978
404.3530325,0.384920321,0.388374398
643.6885180735171,0.315599405,0.892401709
488.9566039775478,0.490730516,0.490574902
443.2046857171032,0.638023822,0.346427407
514.4790663755915,0.488647124,0.55854833
514.8817405773764,0.69000276,0.449255351
325.0585222,0.455999565,0.188123704
554.6620585,0.777330413,0.49993096
451.39140000665856,0.325162812,0.510055889
587.6788772559202,0.600840837,0.628133742
477.7374972127375,0.534343363,0.452277223
574.5156068712286,0.807480567,0.515696506
548.9107991,0.38216355,0.682648589
528.6908835586818,0.502661723,0.586989303
443.21100481790927,0.625068318,0.345100929
397.88209319073707,0.127830861,0.493748079
355.79535223258415,0.523066834,0.202050662
460.6947813773974,0.324595782,0.538911805
534.7673736990871,0.457260463,0.617517159
537.6067329045089,0.574980401,0.555447279
603.6699034695841,0.592271644,0.684102918
547.2757915319635,0.424364108,0.658417534
567.3086215314689,0.60165016,0.603948537
454.32901321420496,0.35722838,0.507581397
492.60451447212876,0.468356168,0.519513347
643.1359317769884,0.46883685,0.823223482
477.43051629936485,0.453726079,0.511760454
497.4125183701755,0.650193257,0.432452536
559.0437853350255,0.645716533,0.576545187
576.6784383687008,0.435808453,0.704012075
292.1917811049085,0.193117522,0.264826809
542.9953999614753,0.524419933,0.5965829
547.7319823874158,0.798537528,0.471013853
507.43439141143006,0.642895531,0.461411085
408.12200074037287,0.578085813,0.302632834
595.4334856131899,0.457668295,0.719655059
463.3552035980994,0.406260778,0.50546718
468.3569804514317,0.350133594,0.533719285
462.0048018889012,0.388422019,0.506598618
410.3591240728469,0.542427483,0.313269521
467.46059552159005,0.516389312,0.434329391
497.23978613156066,0.476673474,0.522909603
411.63794463924177,0.400328835,0.404733878
583.0659840897691,0.659602507,0.628173949
441.95036690686885,0.496435289,0.394641221
536.0409091513951,0.403873463,0.64325139
530.9871743876214,0.510620307,0.567894337
364.5084209320396,0.483264974,0.251870286
626.0686516896824,0.614938532,0.700637334
434.62971003006857,0.452988794,0.423429067
523.0234419809312,0.685754182,0.477546429
484.10880902261175,0.526951647,0.48847585
411.57560703304586,0.495136015,0.356156086
722.2639443310222,0.625204099,0.898474374
519.4629917650527,0.207329858,0.701219453
558.5032104812539,0.446078737,0.658321073
526.2429778194082,0.617259175,0.514026858
531.2775469,0.463877005,0.602004671
470.89067006637083,0.568908936,0.415959914
459.9249453763113,0.376087045,0.499919674
577.5829850114998,0.582432609,0.63306862
599.9057313773181,0.453478421,0.740170495
584.9284375629157,0.515190532,0.675504091
357.3422339089137,0.400855212,0.292015193
392.0472687,0.272526919,0.420240018
515.7784459657249,0.353281448,0.62919182
390.2092367966402,0.418467777,0.345774396
497.4914823945552,0.398290812,0.549085758
506.7403250925609,0.49540774,0.529427013
395.5147751225993,0.592201232,0.283335423
239.65626376379964,0.288872082,0.104302905
507.6052942953172,0.409289274,0.582211373
628.8494043731677,0.661442142,0.69824061
468.07324687613107,0.535337902,0.437286367
444.94473389820706,0.450877596,0.440354619
527.3171959571247,0.519826128,0.558582718
415.44298463184975,0.169224535,0.512534791
363.43037910250564,0.606948076,0.198528319
591.8690919523219,0.40866598,0.75868969
391.1246665610285,0.449003323,0.337073817
526.1019195960951,0.575439619,0.530278238
402.00959595271183,0.18925775,0.464087671
563.6778173748048,0.685072185,0.557652667
362.24018346241746,0.203498544,0.402993163
514.3134987,0.636627793,0.477826114
322.3143519655322,0.147940504,0.355197114
513.5197319995317,0.46301711,0.559825431
340.05814211570635,0.544295576,0.191446423
560.7947177823255,0.318678962,0.726126091
489.7945978379802,0.32324935,0.600682954
381.0736788052949,0.327550289,0.361763901
558.3493927897489,0.396814778,0.682433975
451.8041723989507,0.570713773,0.380646722
451.7914013389133,0.652572441,0.333799064
442.17202785952793,0.244955962,0.508407051
488.78691774278343,0.468892789,0.505426267
433.09376956069445,0.525930928,0.373107208
518.0070965780235,0.410060708,0.605873887
511.6945465433186,0.497128832,0.541671803
334.8945962154536,0.032404615,0.409991999
490.78489309260766,0.542429272,0.478170519
510.4635656667628,0.454622888,0.546976655
565.0254089166355,0.602430212,0.590049442
542.3014050784392,0.543331772,0.57966211
655.4261980567373,0.352546927,0.887801008
433.51753016010537,0.147286964,0.572399636
373.06190747893777,0.013912154,0.495889806
517.3219999764311,0.39718651,0.599622936
609.9695553559047,0.684376691,0.657067426
401.2803369760671,0.224229042,0.459053863
540.7438188593637,0.587522056,0.560788635
410.53824962836654,0.300201786,0.440202961
441.7417973978801,0.538648205,0.381801615
448.7013865381404,0.166493945,0.563280586
377.5704261,0.169554964,0.427313625
450.85178617635995,0.504182151,0.433877062
695.0806435129189,0.547805731,0.878350427
548.9485124900032,0.709095099,0.513091693
479.7088766090232,0.430255235,0.527554744
345.01181992120416,0.558064631,0.176662951
576.8525516722201,0.332336464,0.742907392
337.95129475852843,0.628919796,0.139796852
466.8394785961299,0.376238925,0.51312467
429.91541294796457,0.350227422,0.450616921
567.8818928320967,0.267634558,0.765597531
422.7785260527181,0.310628665,0.459141154
559.7847254049152,0.632073991,0.594520529
503.7568725115727,0.545768521,0.503098142
355.3522887850328,0.310521666,0.317867224
622.3714738337385,0.534117982,0.744327862
450.9760715027984,0.418039455,0.450097052
591.7141350896221,0.763825928,0.574208597
522.4299342,0.638695249,0.51722296
474.0863463936184,0.678478246,0.372121784
423.0524338603942,0.545738275,0.346575891
466.7044580592094,0.332005222,0.530211931
481.9254704456524,0.521323627,0.472300652
362.9186760609314,0.34668507,0.340210491
566.0576393534825,0.481923583,0.65556372
457.05958811253674,0.44356556,0.46143066
580.8806048404939,0.551045623,0.667108414
497.33921896957924,0.386321716,0.548560246
519.1723751776766,0.450694982,0.591072957
640.4048525816643,0.602263859,0.744716882
477.2583976324784,0.601566414,0.427963638
506.50370547860365,0.330343647,0.617967371
634.2482933047978,0.628726612,0.717459018
311.8713776455462,0.227423565,0.276354574
556.6121542753991,0.598635811,0.58351087
446.36031515187625,0.67218514,0.33866164
543.8302791183833,0.377126139,0.663613229
617.6150990412137,0.215126154,0.901902549
491.55128714892714,0.702908992,0.413528803
441.9052267428249,0.538215656,0.389419427
418.4571783885716,0.294418633,0.456599297
524.4734839878822,0.370600009,0.633766952
483.1348270899156,0.456343979,0.501526719
622.9976430469436,0.428530729,0.787084283
424.6084077486387,0.560547399,0.331622068
515.1475399066105,0.330696029,0.622195982
496.8904766764585,0.580410684,0.486747479
534.2343669565399,0.716708781,0.488893439
627.3802760954953,0.669256488,0.682890889
460.02329028167605,0.555406404,0.419547682
338.1338417212897,0.350275718,0.268985058
397.62059618068605,0.30814671,0.421204104
562.0579360412577,0.513412039,0.645852147
504.69389644259235,0.369809387,0.582187919
490.99787401882185,0.448449953,0.511980181
361.42640522094473,0.308267368,0.329699187
608.1280402149021,0.611744008,0.679469945
625.0793860828061,0.628221537,0.717170515
461.3807860924571,0.401533794,0.499034944
533.0721080527547,0.60615534,0.528588486
438.2654059686041,0.377289727,0.45100118
404.14239474691004,0.445395927,0.348020873
458.5278977,0.303913255,0.541289836
455.1395339891374,0.454700942,0.436592268
521.8795946235425,0.731761011,0.453666127
507.09798982192524,0.31530345,0.632842896
480.8069403066062,0.235119854,0.602985686
539.6839972923619,0.708768085,0.508984232
376.3262553288048,0.466318958,0.300254803
449.4584840008588,0.204191436,0.563977155
457.7779463,0.394733988,0.471872483
531.1634175761965,0.663674975,0.507095915
599.8118558066404,0.667344815,0.616149593
526.6736175695605,0.65138602,0.482871738
512.1515175049309,0.4821649,0.564909322
510.02950867087566,0.358766369,0.603558283
391.2654758,0.832920487,0.14702441
593.6677957,0.420777525,0.778853844
415.60708684154974,0.367544845,0.425877284
469.0728386308848,0.527696413,0.465644457
485.2247759198016,0.592680939,0.42896458
354.9288423214043,0.353688305,0.293798232
316.6368480069826,0.141323149,0.337778145
464.4449480901343,0.520626345,0.44001621
649.3959165226917,0.431916485,0.854849623
474.02501346374214,0.409928342,0.509764565
551.5600604270005,0.380375463,0.662849472
631.8891574061099,0.251947489,0.903258123
597.7125717,0.77276848,0.590075894
532.6287977160746,0.479420651,0.59397315
445.5828214197511,0.327000659,0.494399326
599.9238261,0.257758773,0.844169556
375.9593804443484,0.431721187,0.317854351
581.9074848338294,0.498238012,0.686760106
464.99440569880034,0.324681479,0.532979159
417.2388720613262,0.486053128,0.373160112
570.6460652965347,0.40046982,0.727797855
414.7544520045376,0.70772086,0.239685983
578.2240203394963,0.736553203,0.555588885
405.9289894892562,0.456303488,0.333511267
626.6797542983625,0.604729228,0.710726288
484.0195265,0.292428093,0.601148156
275.33337527107074,0.223314509,0.219921431
531.6619389143916,0.72314775,0.493936593
223.34679276337346,0.463131264,0
637.7789690800714,0.479674489,0.805326437
553.8799961236667,0.493493465,0.621527982
487.73791629791396,0.415849715,0.548013749
439.09025955618404,0.191719867,0.536918033
378.04069830748494,0.331068574,0.346265345
379.23669121225765,0.57739227,0.246879154
537.1252403330948,0.528600864,0.566430839
553.1238781129516,0.590397046,0.584854277
505.69270876964464,0.455464082,0.55860917
421.53806533892566,0.484243088,0.387988729
510.88504978963226,0.545288814,0.506382241
567.1947060080355,0.708959317,0.530630049
697.7071580223301,0.821240516,0.742321216
388.74663224543923,0.372514284,0.362496973
578.3290181441334,0.85227512,0.509946907
734.2765030956431,0.836224124,0.83735218
449.3281448801714,0.33555294,0.499947361
512.049049,0.719932086,0.428884519
357.2959144643571,0.266876133,0.349407485
360.2321249322739,0.158594228,0.402530606
395.1204533230811,0.420201552,0.364162036
423.7000169912119,0.558574259,0.337231647
443.80983890819203,0.384047904,0.467283773
595.9658196768545,0.797781542,0.556539216
515.5618128,0.552567514,0.51718434
531.9290881048648,0.601113701,0.53050978
530.1350863,0.581626051,0.541831925
448.63240577003785,0.232625053,0.552128263
527.6158769330265,0.353099322,0.642285012
453.45829751514765,0.491795628,0.431664267
417.54122634841247,0.350472479,0.444370379
656.9730856638855,0.332692098,0.91921183
546.2313799070295,0.748758413,0.502574922
492.9359193936364,0.368629145,0.56651619
379.9091337212608,0.367835271,0.34571532
511.36670783252816,0.82600799,0.38462933
503.51419981584957,0.476055221,0.53549527
519.4605524660828,0.629686026,0.489658429
611.1476368756989,0.565372276,0.697853882
411.0515778,0.456720427,0.366536893
403.4130154697376,0.524942895,0.323366234
496.75415064104175,0.413392477,0.547980948
466.00440865502765,0.471375395,0.454917129
528.1286134266179,0.501664095,0.582149299
633.4512532694235,0.777528963,0.664139623
567.0449779,0.407764294,0.690726136
435.09849105576666,0.284931655,0.498356011
537.9288848306378,0.276701834,0.711077746
452.71044444227255,0.378653396,0.503282071
609.3840752976031,0.615198386,0.671369296
396.1965711,0.369868903,0.380765403
504.4313726322902,0.489602798,0.53305058
626.6942779410521,0.501337732,0.773350601
493.01201779161124,0.697462122,0.428418083
724.4718757,0.768622186,0.835841244
713.4666734620962,0.488845674,0.941312091
565.1918456,0.64466752,0.579440442
551.5737279509531,0.363894193,0.686062656
451.8976478174946,0.580831851,0.386382037
565.9672306647051,0.462069729,0.687430398
367.79190440290176,0.357082841,0.336455723
576.3214434479853,0.681604472,0.599261602
579.4284309,0.390946416,0.741732395
489.0976077206559,0.428494629,0.521660365
487.18793877496415,0.57375479,0.461693063
621.1188559609227,0.636972532,0.688864095
481.9070413935198,0.283160154,0.589632383
700.9836802505966,0.740633151,0.808837142
599.9911809246321,0.414136917,0.765817788
522.3588837323506,0.385904452,0.631549748
646.8239135994891,0.66790095,0.720128549
568.6131874454458,0.454157003,0.674984574
511.2982453301132,0.717804789,0.418887794
760.6510167,0.805816065,0.906158316
304.43261518464556,0.475370135,0.121195128
543.3206422153502,0.167356279,0.765245368
399.8665189638588,0.545328654,0.282322489
585.1682144076741,0.82767542,0.528961459
484.22981200085155,0.553078117,0.459706521
425.84365096282784,0.607033285,0.334670745
550.4749492549695,0.561668613,0.597600243
325.7948026305991,0.477108463,0.186797226
364.03501381032044,0.21154136,0.395616064
439.4965351724188,0.542351381,0.384817138
518.2631242651357,0.468018421,0.571577861
693.9884929035138,0.670388597,0.831617218
512.5957017349169,0.316600123,0.632915375
257.7119972438171,0.241565165,0.164768738
524.3243802884606,0.44798667,0.595970449
402.19551340113657,0.284332753,0.427048224
579.8517864859472,0.91990828,0.468165329
476.0712297402995,0.410700263,0.537589383
411.18423872379907,0.575478321,0.314592119
367.7635423918606,0.491111192,0.25579805
400.63495185511874,0.490992972,0.322280998
609.5807074570155,0.532255743,0.718315356
612.4702560910661,0.683535171,0.652594223
366.3818868024921,0.358611074,0.333555001
485.50390002770087,0.429394039,0.533242268
443.3970356135937,0.452573482,0.432784773
479.56906766958593,0.300154466,0.569526247
559.6984891073345,0.505191975,0.647158521
432.82161990834504,0.243830195,0.486084064
328.2055040133165,0.342020041,0.253609238
524.3711955,0.569065045,0.539384766
552.7789350933658,0.641377706,0.534009551
630.6136393266559,0.381067379,0.841890984
424.81078608650614,0.60345337,0.319277995
375.1375471510901,0.278625378,0.394317978
338.93370122470503,0.283620835,0.296432495
574.7400108316077,0.331047922,0.746915745
355.8148512530355,0.464499649,0.251620227
378.7933970693719,0.35911062,0.351988667
555.9997870240727,0.183962435,0.785465776
642.3708192002453,0.535383108,0.792914119
347.8763132730069,0.242949648,0.346524045
330.0823022536812,0.301497645,0.262663921
392.70436827153407,0.629204693,0.233636596
519.3264095596427,0.44809936,0.590523638
612.7537014986588,0.626973811,0.690673232
469.2468605,0.488588746,0.457247899
460.3199909765118,0.587547749,0.391986678
646.2592859245788,0.392222274,0.859636194
452.7344993500761,0.559630752,0.39011917
446.6617038043286,0.519293897,0.407719423
392.5778737731593,0.317430423,0.408723187
419.1123504148279,0.419939258,0.392364412
485.67140381801755,0.567387046,0.458543693
533.5507459870914,0.423698535,0.633484268
558.6879694815866,0.513490418,0.627461862
433.4151443319604,0.402020493,0.444723777
572.6784321239863,0.577392108,0.629045805
474.34929884413896,0.707339696,0.375754697
587.4556674283482,0.644068781,0.620917294
603.6048816226984,0.482704286,0.74612783
679.8950229235796,0.250224446,1
454.0284118449107,0.227164686,0.554084474
641.2963611091914,0.671049617,0.723783329
523.1264342532802,0.390893567,0.626850116
451.86441941890024,0.570739954,0.397618301
369.91451297752076,0.421121288,0.309894779
602.1202497949819,0.522278325,0.719888189
589.2837976726473,0.476657213,0.702501844
552.3587431275491,0.38483934,0.688233656
497.82077750643896,0.542454152,0.479558189
645.7084402037391,0.502671643,0.808107597
299.3944141929243,0.542131529,0.105796559
416.3753031772155,0.282227408,0.48354062
371.22410360513095,0.090596165,0.454754537
305.4222122133839,0.620208642,0.069176464
476.1949752,0.463025728,0.510140536
718.2565398630599,0.459509232,0.976576435
481.6458132080981,0.520564877,0.470924621
449.79721212220096,0.403281066,0.467689546
423.13089618336056,0.62410061,0.300268205
487.2327680525943,0.40776657,0.532665968
486.74414446614657,0.353820834,0.575392058
333.08087339141025,0.546598007,0.155700301
560.1354366122368,0.571633672,0.602127231
711.6577732776482,0.536103807,0.918384413
424.6110882127841,0.226448215,0.507808707
367.8849900241112,0.599566442,0.219779472
502.84671489957924,0.609546137,0.472460422
661.1643686,0.753341485,0.715431916
422.44243544465814,0.431084234,0.394668731
612.7279103266178,0.599780115,0.689282212
526.4475195141854,0.32501272,0.663043277
462.8816308379672,0.494998445,0.437509622
574.5783776538541,0.572549018,0.634791348
477.8062599329995,0.411001584,0.521079656
431.18869681235924,0.426748495,0.418336711
596.2716168,0.541145609,0.674775075
367.04561733194305,0.293388808,0.3810793
610.2965019,0.496315606,0.73758367
573.8382695891298,0.553218777,0.627671714
561.6815935984445,0.361030261,0.709241099
316.9505926044769,0.462050866,0.177105757
353.78339460659504,0.439566755,0.250830371
462.24239730667483,0.367688269,0.523649729
395.7453134872051,0.406554944,0.346720495
461.1794450249759,0.370627816,0.511561006
265.3188349140617,0.575718662,0.007024583
516.2860375640063,0.500930062,0.543774381
495.5435853423662,0.604666948,0.442319823
655.0298841020265,0.616703366,0.753955494
361.96928555187753,0.640991013,0.178823195
383.9344155,0.159527298,0.463934955
339.21223298208145,0.420124961,0.242460794
438.9769913647519,0.562434193,0.368688849
518.3603954341966,0.589071266,0.480681515
587.0691898597458,0.485975237,0.698126337
513.5885106,0.702163414,0.445873203
541.1289475020037,0.280778693,0.710492805
318.24228660349524,0.437237818,0.186479627
407.41050586851236,0.403777034,0.387688234
401.5399622814862,0.555172242,0.302291957
530.2762592125852,0.365925061,0.653733421
421.5295114897206,0.112689519,0.561985498
509.0580574626169,0.61147212,0.464566099
460.1838562987829,0.30664417,0.537356253
387.89272461940595,0.20751735,0.446662001
560.9377906210058,0.509037436,0.625209037
586.5598064859136,0.716634467,0.571497447
426.3627846258843,0.225361963,0.494333725
479.9191566059864,0.70282671,0.367990164
525.7046566146622,0.377208746,0.637802286
555.4208713451699,0.674249669,0.535384524
530.6830145332789,0.327281653,0.652461434
469.8723866295668,0.571206814,0.423853003
606.3150518198445,0.750660654,0.608891527
364.85210784166884,0.471926814,0.259046174
360.1607811760624,0.334691907,0.318868166
425.10615847526344,0.426298872,0.393910441
365.5608775485973,0.370401947,0.314341883
480.2301228171844,0.455310901,0.514387839
533.4842626492591,0.533879917,0.580875197
477.32136010791135,0.737606607,0.345820246
685.0730652908377,0.817987127,0.711253035
595.8536379669682,0.60839045,0.65659182
510.8785785502258,0.196028286,0.692097935
403.6995492,0.44605467,0.357460167
493.9642073677289,0.359240873,0.590160893
368.9200953998454,0.541981925,0.24185381
549.8476200686011,0.44964109,0.643222822
601.7678083780327,0.646756441,0.644648407
508.2038913458533,0.556165479,0.493671016
418.9300451928782,0.423736423,0.3810368
564.3682236213733,0.78730653,0.507477529
604.1106609943602,0.458867888,0.764711038
599.2805067162914,0.604344487,0.660404253
527.8807722583516,0.510557701,0.595796043
547.0728669378357,0.601334691,0.55373619
576.8926402006383,0.72855543,0.560022763
491.80281222710687,0.416520817,0.565063096
518.7063021846278,0.518929808,0.552752706
532.6265316415288,0.496207794,0.58240941
685.2165407916625,0.49772627,0.883057113
441.3872401,0.54712162,0.373498168
315.5189290330409,0.342586909,0.241372561
581.5114381,0.404430249,0.724516754
585.1566919161073,0.608566396,0.637986568
481.2061489900144,0.534831689,0.476009217
470.46051802314713,0.646897588,0.39208843
535.5436758282534,0.395036772,0.641029955
489.05755196172794,0.367785999,0.548515278
731.5095583727039,0.504861546,0.981689776
539.7932304046632,0.41901757,0.642387998
421.26795581123406,0.136147354,0.544948143
480.59911502743444,0.512208706,0.475683505
530.2103988218163,0.560948402,0.550051255
464.11587005549734,0.557660539,0.410118263
633.4727288005175,0.739592106,0.671356423
449.41611879481565,0.567530958,0.391757957
635.3470661306967,0.632883802,0.733855354
537.2492280531452,0.506607029,0.617092517
572.3806506416186,0.379587117,0.737230977
553.9046287651987,0.532509744,0.606672031
616.5106010129126,0.581289443,0.697192583
402.29631873290333,0.40374565,0.37834981
456.89995237168074,0.292906011,0.532312393
505.7472641309476,0.519907272,0.513080936
601.6384957833875,0.436982353,0.740662502
510.8866119550272,0.267346897,0.651345691
556.8320971,0.480249324,0.649814475
379.10982056637204,0.395032219,0.329776779
453.4968121816982,0.352338946,0.489567964
594.6866457350071,0.761762538,0.591599351
567.4636876935175,0.65746155,0.582106624
498.9283393958094,0.365919207,0.601768896
413.10071451698934,0.443021458,0.377713552
437.18179740991917,0.384508911,0.442310124
699.733841,0.52831304,0.905151731
351.42908062100173,0.528889501,0.200035199
593.2305193771007,0.867599889,0.517220139
544.1813100407738,0.67585872,0.501330445
438.76371593759967,0.391042683,0.452203863
446.8769875458974,0.364882552,0.485255236
471.9943596721792,0.706266291,0.356611059
461.14062422772946,0.744070943,0.319866463
689.1734888970261,0.674995573,0.798083009
521.7969924671536,0.359834246,0.621458678
603.8875773722033,0.547170566,0.706866947
655.3914031914753,0.331467951,0.910847015
369.7858254085389,0.280267114,0.371189264
509.84188626144095,0.406411032,0.576853969
475.1758576737966,0.432450504,0.498530594
338.0902386001779,0.201797617,0.335773615
480.8061679559197,0.312591398,0.595318144
587.3077703193196,0.517944376,0.693439402
503.3900014110533,0.321158966,0.607607902
518.1278833901422,0.521178902,0.543888301
506.3392986265895,0.520626832,0.53640028
647.3615595713675,0.489068941,0.810014254
453.1382414237832,0.626777213,0.368620426
396.04998476213063,0.488961942,0.335415103
612.5053394264529,0.288928021,0.862054079
618.9336345873538,0.756198424,0.626036101
524.5689545585435,0.678349619,0.467028424
666.0622254538048,0.552335791,0.828162239
657.9549142636489,0.780698118,0.710885881
496.0690496,0.39693755,0.562742553
524.3839383524133,0.364469191,0.626840946
461.4904899199929,0.552200985,0.417512115
433.9983845,0.488297507,0.391632045
572.3130539,0.612488611,0.592552856
451.9264153228441,0.644086993,0.330238278
362.68807581712446,0.513908983,0.244811845
514.8947441637532,0.538829681,0.535160741
427.3695697745074,0.425380924,0.398893991
435.51362445479134,0.27984676,0.488795919
566.2717255663605,0.568848445,0.624263996
452.3723832877561,0.477142611,0.426712637
375.6230235600407,0.424891785,0.314443635
466.4902006464921,0.435268255,0.478978009
465.17802914248296,0.204713422,0.591419301
405.4001656198269,0.416048915,0.378904949
427.74126220629387,0.522633146,0.367707481
358.85061321399496,0.548836369,0.217195821
481.5334626750023,0.438289758,0.517113096
358.68011197072985,0.264992267,0.358692652
375.3118020534009,0.568319466,0.234044838
550.1424624779931,0.543501377,0.599009251
556.5439756,0.437468077,0.654405301
595.3809465162147,0.616184794,0.651011161
512.5837775336678,0.377751221,0.614292312
665.0473923595973,0.68478745,0.766602177
549.2905454911648,0.461652953,0.62495933
569.8733603076373,0.467159502,0.676550178
550.2934006,0.50631579,0.617581349
607.4194029570825,0.513442773,0.722963318
617.3773773196228,0.515567631,0.743721583
613.4266291463498,0.503253471,0.739453823
604.5726140930071,0.637152219,0.660890793
516.9858138,0.601580399,0.509670044
401.8950557292264,0.181779687,0.479745645
448.5535721941784,0.481636572,0.422857704
475.94699622026764,0.475931148,0.49269053
501.89188819006887,0.554601634,0.471827162
498.6284209016306,0.581893386,0.460569207
474.20540259707184,0.412433713,0.511291901
568.6047779754276,0.432185446,0.689242534
698.4104139622187,0.659008971,0.842453705
550.8967399,0.733751551,0.5167828
481.5243697169256,0.584016455,0.447810545
498.4635909,0.635790013,0.461107946
515.9009900702896,0.303904636,0.638164678
478.0803033433381,0.555134353,0.436335684
562.8473668138763,0.466109838,0.654635609
578.5238572292519,0.713292291,0.567860655
564.9556812960161,0.573605837,0.626678531
497.4647268379185,0.452374444,0.52859748
526.3425972096086,0.674485132,0.491464393
568.7320592249458,0.712366538,0.563658849
439.6505402427454,0.281835674,0.505505799
624.9925040414096,0.362448405,0.841988151
370.74177753516733,0.341871251,0.336644414
553.0768173295677,0.548016151,0.590032513
414.85687715394846,0.24389524,0.491459103
448.51914415847193,0.451430153,0.420954221
347.1911182,0.469409247,0.222769425
631.5606939182501,0.573684867,0.737114588
527.0575416,0.236939001,0.686967313
553.3241975102603,0.656838419,0.569018722
514.4056408574132,0.2176125,0.688127672
444.05469283965436,0.403243015,0.448737598
341.6878955248129,0.449228379,0.227239101
565.2499549384387,0.804184248,0.516880143
436.55494971510154,0.522708598,0.385715271
548.6143605,0.39755808,0.65605026
501.6220601516152,0.403211468,0.582438684
362.2492810487827,0.234670393,0.363653982
309.35587862899024,0.121162771,0.331070633
435.2615532825878,0.131388336,0.564562448
428.3161487668162,0.393439917,0.410901241
308.2234312505793,0.545907554,0.120911915
536.5906687647899,0.392329273,0.653544025
774.4078544514234,0.707658092,0.95752926
428.84321278579625,0.57715632,0.359390279
552.8891290224539,0.23797468,0.739159501
297.29389413193223,0.496614651,0.121679375
637.8587083,0.60562815,0.73134471
564.1115379147367,0.819066223,0.488057028
648.0101493228949,0.576377406,0.77307409
404.1292865,0.32256719,0.426442121
508.82552564170834,0.308950666,0.623856812
539.5404931828281,0.41782253,0.622343584
467.6685222133391,0.414383763,0.499259962
489.12458006561275,0.583561628,0.459689944
571.1882917880894,0.567689342,0.625747951
497.7227482641622,0.650754921,0.460302572
396.92876858585237,0.295021926,0.426092779
414.11072813831265,0.315640384,0.452713857
406.28845394039297,0.175991006,0.487686524
579.5584899835791,0.372859836,0.75686856
406.61606710166404,0.586040331,0.295806817
515.2152027559486,0.552379696,0.538707772
564.1868149,0.495244152,0.643272552
578.5886064550515,0.390297267,0.71738266
408.2862018238552,0.544438187,0.315168242
581.5425266161899,0.575851517,0.64817604
667.4812481039403,0.83297919,0.684755752
622.8655182813751,0.452597223,0.777762436
500.13304580544104,0.640077618,0.468674794
379.13131207479717,0.42286482,0.294374885
502.7194800207069,0.466092438,0.531853011
343.73541799243674,0.299391325,0.308426166
441.4847402127855,0.427799298,0.438154344
499.2123511732978,0.500131635,0.520911422
542.3620489701357,0.453061807,0.622910714
547.6240432533422,0.76876626,0.487061376
535.9294754207793,0.788991684,0.435480404
461.5207671175384,0.592515725,0.402657047
529.4394397952852,0.28318796,0.69153733
521.6158872397277,0.299652969,0.662002304
547.7129283710759,0.637904139,0.545843277
584.3811077238026,0.501256101,0.676867954
465.99980649077486,0.190278144,0.603866536
489.99646515047556,0.448638746,0.518819777
634.5322379035152,0.770698585,0.628203575
639.8183622492462,0.703744495,0.694839593
500.7218448019106,0.496394148,0.531790584
514.6937858883663,0.629309253,0.470360665
380.1398491626706,0.432892648,0.324648802
402.78860922216427,0.256753665,0.451080713
507.4431866249745,0.782645729,0.385165775
516.6620498627744,0.475370297,0.552749179
246.73972005907947,0.357457176,0.093381772
345.8514994672988,0.193976116,0.365438608
728.5415864322357,0.56186261,0.922708251
593.4748072346498,0.471956247,0.705604307
623.0544955505633,0.519036644,0.77019594
466.7870243436057,0.47816707,0.475259216
524.9670294677807,0.661244406,0.485459269
695.7728281714869,0.430017821,0.939213569
498.1900003268827,0.452558196,0.540062642
420.23890075069755,0.465546548,0.376402593
449.2596750838818,0.185734262,0.559616461
518.3487726828051,0.658562274,0.464768015
608.6446635232969,0.657736202,0.661435879
476.08427343745393,0.683308164,0.372766683
425.4599912007873,0.678539876,0.289466811
388.02606419840566,0.590464368,0.261294767
595.5444319135589,0.518830777,0.70795712
606.2179593555021,0.682880655,0.637776011
502.3583131601892,0.509350791,0.517783389
470.96358489786303,0.305021297,0.562429891
565.0768903509581,0.357475063,0.712188905
570.1685123652715,0.525484394,0.648018387
505.6318839857883,0.320647549,0.605706711
443.1869176626926,0.747883882,0.279506237
387.64605587888036,0.209240718,0.443916287
592.7579164984965,0.524526444,0.677271258
528.1454695,0.474665534,0.589650899
610.0917076356588,0.385815991,0.784961601
543.3237843031621,0.499186206,0.605797353
651.3961288610681,0.738253479,0.681980236
552.9145202623566,0.427021359,0.648029144
662.9250462337401,0.576218696,0.805038111
571.7062626221265,0.513758241,0.657726433
521.7744574040415,0.19094388,0.710155984
565.9362004993941,0.195782416,0.781872012
526.2924796076577,0.36116588,0.635005961
525.5561777268364,0.685734018,0.466918736
547.1290144613744,0.458706577,0.642669271
556.3815691313789,0.361748033,0.688790029
643.5525721,0.870236814,0.615779618
310.1908531730263,0.246907475,0.259339438
316.9737349,0.387175919,0.206252468
581.2475743350167,0.74806552,0.569543705
675.7602689783545,0.470725595,0.875264718
637.2716109929202,0.689050175,0.705519837
503.2706587604634,0.449534904,0.561336191
386.8315800060643,0.378202634,0.354285756
449.2279729320876,0.567493069,0.399702363
624.1561984672744,0.578945383,0.727146784
708.0181057952304,1,0.683781438
436.6696591,0.554345682,0.366008736
582.4550662975032,0.618325588,0.645306532
523.1597791418912,0.780251584,0.439171863
454.0136304,0.511658425,0.4098481
458.3300266195937,0.430715429,0.470531369
553.1340606815943,0.590036859,0.599909675
575.6865675909281,0.482469636,0.68302791
399.7469088068518,0.216320543,0.452100171
479.03778183566493,0.449330662,0.509371842
377.13616235703495,0.438589778,0.308180869
611.8475488365282,0.483624347,0.744937844
457.6956861393197,0.595851721,0.391324497
320.68694050820136,0.436557122,0.189329737
607.6647308,0.758978611,0.606831625
431.4798732315574,0.645580752,0.322534232
536.0059362422857,0.727878311,0.467352372
487.2531004481291,0.412873092,0.543022793
357.11605236061723,0.529755088,0.212613635
406.9749600643883,0.76105062,0.212084244
367.8845614688098,0.353870268,0.320184592
352.2825871829781,0.378979597,0.283150788
428.43268623934017,0.464283536,0.386840361
674.3110204717076,0.506851273,0.840221512
455.0353354,0.339361001,0.497938951
493.5381876707219,0.418542904,0.551105101
323.74660823424256,0.315782507,0.254846308
570.8743858811187,0.84127243,0.496243028
522.3535868,0.432797194,0.602179783
512.3707856660071,0.547800202,0.509647118
344.4453879977802,0.339134319,0.299928209
603.4429248374895,0.427199257,0.760419295
494.1976924767502,0.432729385,0.550207322
623.1044501461381,0.530410254,0.754832288
615.5627227003581,0.806489769,0.601993385
501.0952022102914,0.356791277,0.587661183
460.43086380292357,0.229199619,0.567933663
511.19375671249213,0.219455713,0.679237873
619.1047848619293,0.283462613,0.854653526
425.2042215634771,0.536766453,0.349339062
439.3866776326462,0.535625563,0.385310908
609.7226947958968,0.603944785,0.673421969
520.9731598310524,0.309856581,0.657872624
564.9102229349046,0.54114382,0.63761677
574.5730747304841,0.347427234,0.732139327
273.4326379844824,0.587745486,0.025370429
416.5796721407011,0.290999705,0.463120411
414.0040053422642,0.337186546,0.436226878
602.5491467107406,0.699320133,0.617794199
501.8139635,0.318664814,0.622419413
657.2588888850354,0.96819819,0.604946305
545.5852027603559,0.357447581,0.672493152
363.1143358473566,0.299392463,0.338633954
587.1013486660677,0.756904163,0.56752207
535.9831257,0.555291437,0.563017478
357.04441400326664,0.233770658,0.349467619
543.9185096206758,0.848383152,0.450192632
487.4695239600374,0.506194156,0.507542248
491.03773415962684,0.269729983,0.631404086
618.1234169612334,0.521065236,0.751264448
442.9335794860026,0.345715737,0.492412608
528.4401545262326,0.583491217,0.509263212
492.87327104723187,0.367321415,0.57184679
497.0438764547785,0.343601936,0.5957643
606.2973619885972,0.321390201,0.80844001
368.90204455683545,0.443968188,0.285745373
463.83315595884665,0.349995048,0.515266573
411.35636172881794,0.489379693,0.348798737
670.2123763314803,0.669881896,0.76950237
408.5223636229996,0.182501849,0.476042194
484.43638366363615,0.480355185,0.502415681
492.6419263025697,0.522571028,0.482700858
381.8529899454828,0.325407381,0.37494703
613.9599526151189,0.576455785,0.704959584
327.3602412914911,0.475786748,0.202796078
491.7924066257116,0.507333094,0.489362696
585.4441278525176,0.739003449,0.566799226
380.3945668981375,0.358742303,0.344810663
554.7626665975166,0.653001088,0.545789491
493.8566807467015,0.40333359,0.56565897
526.2107461997405,0.478171786,0.584374086
385.3965598752692,0.560480728,0.256633755
484.46159147733835,0.331169231,0.572058229
332.22764351726505,0.321273282,0.289063154
564.6720717082741,0.542817916,0.623491775
649.4400682453601,0.615413686,0.743982047
424.7277899,0.589854733,0.30985034
618.0869511093333,0.573092144,0.714855968
511.89276393719206,0.369437655,0.620888726
331.1216882835573,0.399762293,0.219922665
558.1640943139216,0.213604914,0.785585868
493.5696494772566,0.534600616,0.478908352
396.05573682777606,0.449295538,0.345280979
631.3714016891532,0.582694903,0.75200863
478.4448661860958,0.422244291,0.53626996
628.5449945553794,0.533039048,0.746316873
499.75474684304015,0.707000486,0.428879934
506.82347359944407,0.721021916,0.409364206
258.6440374650206,0,0.283681944
478.3582379162217,0.441152227,0.519613336
460.5425082,0.354572429,0.502209532
552.6266595288025,0.494970475,0.625980905
519.6081675,0.31614058,0.647579813
456.9876155138211,0.466945341,0.4598774
562.6259752623373,0.682115726,0.547479772
560.9872101282104,0.657198768,0.559456162
588.2426814682234,0.317319846,0.791640545
579.4306547224112,0.808849115,0.523707394
490.6889113372992,0.404239342,0.535259671
372.77743562328504,0.308682193,0.35429616
677.2762868619468,0.790881404,0.730962744
420.76621322790896,0.228672755,0.50098128
478.0863680719154,0.336733182,0.563443883
608.7991805065571,0.455379524,0.749202958
498.40036413961457,0.523469137,0.513102979
351.0900891824846,0.17765502,0.372659112
604.7965235,0.610862973,0.693227786
584.2941507757286,0.530491072,0.659439462
552.3685963906154,0.353247137,0.700553216
514.8563640360836,0.448171398,0.558789396
324.75278473266786,0.369514083,0.239938688
551.6500996267873,0.376912628,0.678174857
646.4213711515152,0.555406078,0.784702196
412.0162778546955,0.547223415,0.315453924
542.0558131371063,0.787662489,0.463342255
376.82027574959096,0.517598987,0.26371424
485.6554219902819,0.55096952,0.460026237
530.0010443,0.712946902,0.485740365
531.4823722132704,0.625383949,0.533763724
502.90170220673383,0.275349223,0.651842811
320.22783440806137,0.422096964,0.187583026
410.17228688927173,0.447976588,0.37496343
307.4926247103735,0.298213685,0.229413629
414.3215432846649,0.304858521,0.422640622
429.4725952238923,0.36363255,0.447529096
611.3728069058627,0.63927171,0.665927775
579.4980082,0.519867594,0.676355667
645.8481536313017,0.432377491,0.851096972
528.2198725865861,0.290209733,0.679174741
487.2993308145905,0.421965735,0.539418801
530.9931459235912,0.715180223,0.482171114
374.19760282225684,0.517234084,0.275954797
453.8258268427462,0.390435325,0.482226134
535.0456265906083,0.64446897,0.528996023
381.36832678334605,0.452100117,0.299919745
657.7186800834027,0.367051804,0.903431825
403.0625637,0.505723555,0.308483655
502.4059214810828,0.444446757,0.533539412
612.4871622053737,0.546866968,0.724135669
473.14373027270807,0.367164819,0.531130872
648.4985365,0.493856417,0.820549189
477.59301587426637,0.399859535,0.530191652
478.8571900724637,0.447574447,0.496970281
469.1131060543613,0.249884261,0.560608409
558.8774158715853,0.524999972,0.628176947
560.6780518579453,0.443021946,0.646978295
484.56010504388234,0.431935836,0.540821637
602.9701102968114,0.589270629,0.692142551
501.8883171716771,0.237677587,0.653081997
296.9898467523172,0.189814861,0.26054988
409.95257742757775,0.502864664,0.340414347
429.2145201425672,0.508841163,0.390606238
529.7197158482275,0.579495826,0.549392954
503.21614080888776,0.270193429,0.651774741
656.6547446078308,0.437573938,0.859945153
378.81430464731716,0.356563945,0.355550336
627.6401641581881,0.656082433,0.698759068
420.35676967834024,0.397100488,0.407945852
347.1952143642697,0.300786541,0.315015174
559.9610884667389,0.736188625,0.536113011
437.90401436138325,0.245851632,0.538461945
382.4819857252664,0.414085043,0.336776321
446.61250992102805,0.584512423,0.377470018
578.9434831748149,0.591058879,0.637645514
427.85700337884055,0.359907909,0.457731617
563.5836374859741,0.682071658,0.561163195
603.5586958725381,0.548210148,0.702025532
445.9404665779002,0.170929527,0.583905886
577.3166504922734,0.558704511,0.64632405
453.9716661022563,0.697229098,0.333158221
367.1609664246921,0.17122597,0.406171631
591.5035821,0.598235947,0.654646014
404.9031621848372,0.381310973,0.394830264
403.90327412827787,0.471298804,0.339063886
425.4826051100135,0.286348335,0.492989084
657.8001981385914,0.824700098,0.673796705
664.5087763153145,0.842024025,0.688792674
503.0504487642296,0.102907236,0.735804158
518.6675614514002,0.6282578,0.503610605
544.4987832475178,0.650468397,0.544751869
409.6767581547419,0.382121921,0.399576275
338.5727093977407,0.27772922,0.303239113
427.4869950555411,0.192493415,0.512729301
349.71799435208027,0.171620793,0.382025046
434.3865431630347,0.31930811,0.473355204
549.9363662656307,0.464033764,0.647365905
524.5896561047118,0.440118499,0.588168708
502.90947331676074,0.031543744,0.779842794
342.05906592218327,0.498399486,0.190278481
622.0320501070222,0.539338333,0.745712181
654.8391207616507,0.895093768,0.627425182
434.69375374375574,0.469404206,0.427808277
470.55463750095595,0.554957918,0.425235912
380.47707861259147,0.459511834,0.285339247
560.3817655002244,0.671949027,0.573228287
549.2573511044259,0.365693989,0.677151166
494.2516391505415,0.476401261,0.516016398
450.4248441539551,0.491896936,0.412522394
594.8404770774418,0.484643766,0.723134198
412.9068767078235,0.521296959,0.338267153
433.42313493255097,0.552560684,0.370108966
512.0497922742833,0.400390465,0.588890846
478.0481180067042,0.531264132,0.469473114
413.2997399109179,0.273298353,0.443900768
415.84564074123193,0.456848078,0.387631274
511.58583418976934,0.304318648,0.64579219
472.8914243365848,0.328075365,0.564282234
657.9317362206364,0.524957855,0.814948427
560.6640923157407,0.422182173,0.684445206
587.7430828,0.658105658,0.613167398
472.06766426506164,0.583276731,0.427006959
390.86267832540454,0.304042857,0.39891815
329.0670351290492,0.304362878,0.271449675
526.7267308621437,0.391369046,0.621175994
452.1023860774978,0.61292425,0.362706297
413.8722623378417,0.620776322,0.28064614
666.4417081533038,0.612663745,0.79726529
487.76923069610143,0.61994212,0.429503142
560.6378551057595,0.575463523,0.598898505
449.81047625964646,0.354895378,0.483389315
499.94830987161544,0.573468267,0.487942931
429.2677210625381,0.507836217,0.36706752
508.9117648312799,0.392316915,0.579321232
546.2039332153029,0.503518692,0.61478185
621.5970322630156,0.59919471,0.70048162
413.84178035559955,0.340726784,0.416354049
449.0260696578263,0.636085805,0.34551358
447.05319043198637,0.560866283,0.382261879
595.4864806458586,0.444459116,0.739957292
480.8773329570647,0.328447748,0.55259417
667.7085649,0.492782523,0.856670576
594.6095887530881,0.531811323,0.691612982
600.0432909105972,0.504366228,0.704037116
508.1997820470308,0.669701884,0.446066126
359.1950799155941,0.198450237,0.384347175
365.8832807057999,0.255367718,0.382405954
576.7384252541588,0.478462375,0.684106445
515.3251905810469,0.647551453,0.496060862
423.65453318503705,0.448429626,0.401406222
543.4922776,0.392494488,0.626365164
577.2929236694818,0.529908106,0.666629281
421.0589464,0.657052742,0.276087586
625.0801846230726,0.758814047,0.642445311
434.2752828285205,0.289476513,0.477946735
657.7342506736767,0.567356149,0.805936949
518.3561442572383,0.499045383,0.546497522
481.8628060691199,0.30929947,0.572524841
476.52607825585363,0.481437371,0.472093622
457.3131860879925,0.292219949,0.533337671
456.7209924867339,0.714405537,0.326585614
403.3155756,0.603727697,0.276370093
599.3670934765121,0.353502926,0.785756571